,city,latitude,longitude,max_temperature,humidity,cloudiness,wind_speed
0,Kapaa,22.08,-159.32,23.0,78,75,2.6
1,Osypenko,46.91,36.83,7.78,100,0,3.13
2,Imbituba,-28.24,-48.67,17.0,63,1,1.0
3,Busselton,-33.65,115.33,25.56,36,39,5.58
4,Bac Lieu,9.29,105.72,31.12,58,37,5.48
5,Chui,-33.7,-53.46,14.2,87,2,1.61
6,Albany,42.6,-73.97,0.0,68,1,1.12
7,Khatanga,71.97,102.5,-0.82,93,100,13.17
8,Przasnysz,53.02,20.88,15.0,30,96,3.6
9,Khāsh,28.22,61.22,27.3,11,100,5.69
10,Barrow,71.29,-156.79,-3.0,92,90,7.2
11,Upernavik,72.79,-56.15,-4.73,86,100,3.43
12,Moranbah,-22.0,148.05,25.37,29,0,4.75
13,Carnarvon,-24.87,113.63,30.0,70,31,7.7
14,Punta Arenas,-53.15,-70.92,5.0,93,20,6.2
15,Severo-Kuril'sk,50.68,156.12,-1.71,93,70,1.99
16,Mahébourg,-20.41,57.7,29.0,66,40,8.7
17,Cidreira,-30.18,-50.21,16.77,75,13,1.74
18,Hamilton,39.18,-84.53,10.0,93,90,1.5
19,Alice Springs,-23.7,133.88,31.0,14,96,3.6
20,Fairbanks,64.84,-147.72,1.67,73,40,1.07
21,Hithadhoo,-0.6,73.08,29.65,67,40,4.06
22,Dillon,34.42,-79.37,11.0,100,1,2.52
23,Belaya Gora,68.53,146.42,-2.78,97,90,2.89
24,Yellowknife,62.46,-114.35,-15.0,65,5,3.6
25,Dikson,73.51,80.55,-6.16,96,100,6.67
26,Nyzhnya Duvanka,49.58,38.17,7.53,51,0,7.34
27,Rikitea,-23.12,-134.97,25.69,81,45,5.22
28,Kuching,1.55,110.33,32.0,66,40,3.1
29,Hobart,-42.88,147.33,15.0,58,75,7.7
30,Port Alfred,-33.59,26.89,24.44,52,96,3.13
31,Prieska,-29.66,22.75,23.16,20,24,6.31
32,Bud,39.45,-86.18,11.11,66,90,4.6
33,Puerto Ayora,-0.74,-90.35,25.56,90,13,0.45
34,Bluff,-46.6,168.33,16.11,80,98,2.24
35,Geraldton,-28.77,114.6,27.0,74,40,6.7
36,Malanje,-9.54,16.34,21.87,65,99,1.57
37,Tuktoyaktuk,69.45,-133.04,-12.2,94,87,5.27
38,Chokurdakh,70.63,147.92,-9.55,96,40,4.8
39,Rawson,-43.3,-65.1,11.75,41,0,4.12
40,Ushuaia,-54.8,-68.3,5.0,85,75,4.1
41,Castlemaine,-37.07,144.22,15.56,42,100,3.42
42,Nizhnevartovsk,60.93,76.55,11.0,97,100,3.0
43,Samarai,-10.62,150.67,26.31,69,28,2.8
44,Jamestown,42.1,-79.24,8.33,64,1,3.1
45,Pueblo,38.25,-104.61,14.0,22,1,11.8
46,Koutiala,12.39,-5.46,32.03,35,58,2.98
47,Bredasdorp,-34.53,20.04,21.0,49,1,11.8
48,Vaini,-21.2,-175.2,23.0,83,20,2.1
49,Codrington,-38.27,141.97,12.27,71,100,3.24
50,The Valley,18.22,-63.06,27.0,78,40,3.1
51,Kirakira,-10.45,161.92,27.76,79,99,2.42
52,Lázaro Cárdenas,17.96,-102.2,22.24,87,22,1.95
53,Sena Madureira,-9.07,-68.66,22.37,88,90,0.46
54,Thunder Bay,48.4,-89.32,-0.56,68,40,2.1
55,Tosya,41.02,34.04,10.29,29,0,2.15
56,Hilo,19.73,-155.09,24.0,73,90,1.5
57,Missoula,47.02,-113.8,-2.0,54,90,5.7
58,Mar del Plata,-38.0,-57.56,13.33,100,95,2.6
59,Mitú,1.2,-70.17,22.11,92,98,0.45
60,Fort Nelson,58.81,-122.7,-3.0,58,90,1.0
61,Cotonou,6.37,2.42,29.0,83,40,0.5
62,Provideniya,64.38,-173.3,-2.1,97,100,2.01
63,Ribeira Grande,38.52,-28.7,14.0,82,20,3.6
64,Skowhegan,44.77,-69.72,0.0,84,0,1.34
65,Plyussa,58.43,29.37,6.84,58,100,4.66
66,Port Elizabeth,-33.92,25.57,22.0,53,20,3.1
67,Avarua,-21.21,-159.78,26.0,94,97,0.91
68,Troitskoye,52.98,84.68,9.16,54,0,3.17
69,Saint-Pierre,-21.34,55.48,27.0,78,23,10.8
70,Hermanus,-34.42,19.23,18.89,71,47,6.71
71,Tondano,1.3,124.91,31.0,62,20,4.6
72,Sinnamary,5.38,-52.95,26.28,77,100,6.19
73,Kununurra,-15.77,128.73,34.0,44,40,2.6
74,Umluj,25.02,37.27,25.84,32,1,5.25
75,Tuatapere,-46.13,167.68,16.11,80,99,2.24
76,Coquimbo,-29.95,-71.34,13.0,87,78,2.1
77,Thompson,55.74,-97.86,-13.0,78,90,3.6
78,Bagdarin,54.43,113.6,8.52,36,99,3.78
79,Oktyabr'skoye,43.06,44.74,6.0,81,90,6.0
80,Lüderitz,-26.65,15.16,19.0,59,0,6.2
81,Noumea,-22.28,166.46,23.0,94,60,1.5
82,Dingle,11.0,122.67,29.33,65,57,2.85
83,Mackay,-21.15,149.2,28.0,65,31,4.6
84,Portland,45.52,-122.68,10.0,53,1,1.5
85,Pionerskiy,54.95,20.23,10.0,34,100,6.0
86,San Patricio,19.22,-104.7,23.06,62,73,2.71
87,Xihe,31.69,113.47,21.05,32,0,3.81
88,Giyani,-23.3,30.72,33.66,20,0,1.55
89,North Bend,43.41,-124.22,8.0,75,90,3.1
90,Derzhavīnsk,51.1,66.32,14.22,33,0,6.53
91,Arraial do Cabo,-22.97,-42.03,22.76,68,99,1.52
92,Nikolskoye,59.7,30.79,4.0,55,99,3.0
93,Sokoni,-6.43,39.55,26.13,89,100,5.77
94,Atuona,-9.8,-139.03,27.89,68,19,2.61
95,Mataura,-46.19,168.86,16.11,80,97,2.24
96,Neuquén,-38.95,-68.06,12.0,66,55,1.0
97,Russell,32.35,-85.2,13.0,81,1,1.5
98,Lavrentiya,65.58,-171.0,-1.55,98,100,3.56
99,Pisco,-13.7,-76.22,21.0,88,40,4.1
100,Faanui,-16.48,-151.75,27.95,74,100,5.82
101,Yumen,40.28,97.2,18.38,10,17,2.54
102,Avera,33.19,-82.53,13.0,93,1,1.5
103,Stranda,62.31,6.94,6.0,93,100,6.7
104,Qaanaaq,77.48,-69.36,-9.98,74,100,2.74
105,Kavieng,-2.57,150.8,29.51,71,100,2.71
106,Saint-Philippe,-21.36,55.77,27.0,78,30,10.8
107,Quatre Cocos,-20.21,57.76,29.0,66,40,8.7
108,Medveda,56.51,92.41,9.0,31,0,7.0
109,Narsaq,60.92,-46.05,4.0,41,100,29.8
110,Mogadishu,2.04,45.34,32.0,59,75,5.7
111,Ladário,-19.0,-57.6,19.5,67,0,0.19
112,Saskylakh,71.92,114.08,-6.96,94,99,7.23
113,Brylivka,46.42,33.15,8.89,42,1,1.79
114,Nelson Bay,-32.72,152.15,18.0,55,0,3.6
115,Plettenberg Bay,-34.05,23.37,22.37,57,96,10.07
116,Gaspar,-26.93,-48.96,16.67,96,46,0.93
117,Laguna,38.42,-121.42,12.22,87,1,4.1
118,Barra de Tecoanapa,16.52,-98.75,23.26,78,9,1.05
119,Severomuysk,56.15,113.43,-3.75,63,100,3.79
120,Raja,8.46,25.68,33.92,10,99,2.88
121,Sitka,57.05,-135.33,2.0,69,40,1.25
122,Syracuse,37.09,15.28,17.22,67,1,1.0
123,Quarteira,37.07,-8.1,15.0,87,40,2.6
124,Kushima,31.46,131.23,15.0,82,75,7.2
125,Cherskiy,68.75,161.3,-7.03,96,79,5.1
126,Dumas,35.87,-101.97,17.0,20,1,8.2
127,Waingapu,-9.66,120.26,28.01,73,88,2.15
128,Itoman,26.12,127.67,17.0,63,75,13.9
129,Sogod,10.38,124.98,28.9,59,19,0.38
130,Babu,24.42,111.52,19.35,41,21,4.54
131,Flin Flon,54.77,-101.86,-13.58,92,99,2.1
132,Vanimo,-2.67,141.3,27.49,82,100,2.58
133,Bengkulu,-3.8,102.27,29.77,72,47,2.95
134,La Rioja,42.25,-2.5,11.0,87,75,2.1
135,Airai,-8.93,125.41,18.07,73,100,1.01
136,Camacha,33.08,-16.33,17.0,77,40,6.7
137,Kaitangata,-46.28,169.85,15.56,71,100,0.89
138,Son La,21.32,103.9,21.15,55,100,1.75
139,Champerico,14.3,-91.92,27.14,74,86,1.31
140,Margate,51.38,1.39,16.11,62,17,3.6
141,Huilong,31.81,121.66,22.22,28,38,0.45
142,Khovd,48.01,91.64,10.89,24,29,2.9
143,Iqaluit,63.75,-68.51,-5.0,73,90,5.7
144,Bethel,41.37,-73.41,2.78,79,1,1.56
145,Fortuna,40.6,-124.16,10.56,93,90,3.6
146,Mastic Beach,40.77,-72.85,5.0,64,1,2.9
147,Faya,18.39,42.45,23.0,60,23,7.2
148,Ilulissat,69.22,-51.1,4.0,55,100,11.8
149,Asău,46.43,26.4,12.22,45,7,1.0
150,Cape Town,-33.93,18.42,18.89,93,75,3.6
151,Ahipara,-35.17,173.17,20.03,79,68,11.49
152,Coyhaique,-45.58,-72.07,8.0,70,75,1.5
153,College,64.86,-147.8,1.67,68,75,1.02
154,Almaznyy,48.04,40.05,9.0,29,20,9.0
155,Port Macquarie,-31.43,152.92,19.0,48,0,3.6
156,East London,-33.02,27.91,23.0,60,100,3.6
157,Fomboni,-12.28,43.74,28.92,75,46,7.04
158,Isangel,-19.55,169.27,25.66,70,31,2.97
159,Tasiilaq,65.61,-37.64,-4.0,68,100,9.8
160,Kikwit,-5.04,18.82,28.37,63,100,0.85
161,Hasaki,35.73,140.83,12.78,76,90,6.2
162,Key West,24.56,-81.78,27.22,78,1,5.1
163,Kannur,11.87,75.36,35.0,63,40,2.1
164,Hirara,24.8,125.28,18.0,63,75,9.8
165,Liverpool,53.41,-2.98,12.78,100,100,2.6
166,Qaqortoq,60.72,-46.03,4.0,41,100,29.8
167,Morant Bay,17.88,-76.41,27.0,74,20,2.6
168,Jalingo,8.88,11.37,34.39,28,36,1.21
169,Corner Brook,48.97,-57.95,1.0,96,40,6.2
170,Katsuura,35.13,140.3,14.0,67,75,5.1
171,Castro,-24.79,-50.01,12.15,71,88,1.87
172,Vila Velha,-20.33,-40.29,23.0,83,75,4.1
173,Pangnirtung,66.15,-65.71,-5.13,90,100,5.13
174,Ponta do Sol,32.67,-17.1,17.0,72,75,5.1
175,Praia,14.92,-23.51,21.0,83,20,3.6
176,Hay River,60.82,-115.8,-14.0,71,20,3.1
177,São Gabriel da Cachoeira,-0.13,-67.09,22.79,96,100,1.02
178,Rocha,-34.48,-54.33,11.99,90,13,2.34
179,Hambantota,6.12,81.12,30.75,67,26,6.08
180,Okha,53.57,142.95,-1.08,96,99,3.61
181,Mount Gambier,-37.83,140.77,13.0,66,90,2.6
182,Tabora,-5.02,32.8,24.14,50,100,3.81
183,Bunia,1.57,30.25,28.0,37,100,0.8
184,Willowmore,-33.29,23.49,20.63,35,100,13.4
185,Sørland,67.67,12.69,0.57,90,100,13.9
186,Oistins,13.07,-59.53,26.0,74,20,6.7
187,Port Hawkesbury,45.62,-61.35,2.22,74,90,3.1
188,Nanortalik,60.14,-45.24,3.04,77,100,16.59
189,Kemijärvi,66.71,27.43,-0.88,90,100,6.24
190,Gumdag,39.21,54.59,16.57,36,79,4.83
191,Husum,54.49,9.05,13.89,54,0,5.1
192,Klaksvík,62.23,-6.59,2.0,69,99,10.8
193,Leningradskiy,69.38,178.42,-9.82,89,100,2.15
194,Souillac,-20.52,57.52,29.0,66,40,8.7
195,Rājākhera,26.9,78.17,40.04,10,0,5.47
196,Corinth,37.94,22.96,22.22,48,0,2.69
197,Tshane,-24.02,21.87,27.18,29,0,5.14
198,Ostrovnoy,68.05,39.51,-4.6,93,0,6.33
199,Ixtapa,20.7,-105.2,20.0,88,5,1.0
200,Labuhan,-6.88,112.21,29.04,73,100,3.15
201,Hjelset,62.78,7.48,5.56,86,90,9.8
202,Aksay,47.26,39.87,9.0,29,20,9.0
203,Kenai,60.55,-151.26,2.78,55,90,4.1
204,Acapulco de Juárez,16.86,-99.89,23.0,94,5,1.28
205,Konëvo,62.12,39.32,2.76,69,0,1.76
206,Santa Cruz de la Sierra,-17.8,-63.17,17.0,88,27,2.6
207,Arkhipo-Osipovka,44.37,38.52,11.83,42,42,4.32
208,Caravelas,-17.71,-39.25,24.81,86,3,0.69
209,Ayr,55.46,-4.63,8.33,93,40,1.75
210,Menzel Kamel,35.62,10.67,16.11,87,0,1.0
211,Pevek,69.7,170.31,-13.88,89,4,5.76
212,Longyearbyen,78.22,15.64,-20.0,64,20,3.1
213,Tura,25.52,90.22,32.2,21,78,1.16
214,Olavarría,-36.89,-60.32,13.89,80,100,0.56
215,Bilibino,68.05,166.44,-13.48,90,87,0.4
216,Kahului,20.89,-156.47,23.0,78,20,3.1
217,Paamiut,61.99,-49.67,2.97,86,100,1.98
218,Khromtau,50.25,58.43,11.21,37,39,5.71
219,Husavik,66.04,-17.34,-1.0,63,90,3.6
220,Seddon,-37.81,144.89,14.44,62,90,4.1
221,Naze,28.37,129.48,19.0,77,75,6.7
222,Belyy Yar,53.6,91.39,11.0,32,0,2.0
223,Saint Paul Harbor,57.79,-152.41,4.0,86,90,9.3
224,Lorengau,-2.02,147.27,28.87,74,39,2.55
225,Tahe,52.33,124.73,14.63,37,0,1.72
226,Sangīn,32.07,64.84,28.28,20,100,2.19
227,Grindavik,63.84,-22.43,1.0,80,75,2.1
228,Jacmel,18.23,-72.53,26.0,88,1,3.1
229,Butaritari,3.07,172.79,28.26,78,100,6.53
230,Bac Ninh,21.18,106.05,19.0,77,100,2.6
231,Santa Marta,11.24,-74.2,26.11,84,82,5.89
232,Glendive,47.11,-104.71,-4.44,73,75,5.7
233,Los Llanos de Aridane,28.66,-17.92,19.0,63,75,4.1
234,Vila Franca do Campo,37.72,-25.43,14.0,82,20,5.1
235,Banda Aceh,5.56,95.32,29.82,71,76,1.68
236,Kichera,55.94,110.1,3.98,56,100,4.02
237,De Aar,-30.65,24.01,15.0,51,63,3.6
238,Egvekinot,66.32,-179.17,-12.04,83,0,1.2
239,Feltre,46.02,11.91,21.11,77,5,1.48
240,Banjar,-8.19,114.97,30.0,70,40,2.1
241,Saint Anthony,45.02,-93.22,6.67,52,90,4.6
242,Staroaleyskoye,51.01,82.0,11.4,39,29,1.03
243,São Mateus do Sul,-25.87,-50.38,13.96,69,100,0.86
244,Morganton,35.75,-81.68,9.44,65,75,0.71
245,Kualakapuas,-3.01,114.39,27.0,88,40,1.0
246,Constantine,36.37,6.61,12.0,87,40,1.0
247,Matagami,49.75,-77.63,-3.0,79,90,2.6
248,Yerofey Pavlovich,53.97,121.97,10.04,59,0,0.8
249,Mana,5.66,-53.78,24.69,84,100,3.95
250,Aklavik,68.22,-135.01,-6.0,62,75,2.6
251,Vryburg,-26.96,24.73,26.36,25,0,6.56
252,Kupang,-10.17,123.58,29.0,74,20,3.1
253,Ketchikan,55.34,-131.65,6.0,69,1,3.1
254,New Norfolk,-42.78,147.06,15.0,58,75,7.7
255,Río Cauto,20.56,-76.92,22.0,94,20,3.1
256,Muzhi,65.37,64.67,-3.89,92,98,2.46
257,Sioux Lookout,50.1,-91.92,-3.0,73,90,5.1
258,Al Bardīyah,31.76,25.09,17.79,50,6,2.3
259,Lebyazh'ye,55.27,66.49,12.18,48,100,8.01
260,Norman Wells,65.28,-126.83,-4.0,45,75,3.1
261,Marawi,8.0,124.29,24.2,63,43,1.79
262,Dallas,32.77,-96.78,21.11,88,90,7.2
263,Pathein,16.78,94.73,34.86,31,100,5.82
264,Manaus,-3.1,-60.02,23.0,100,20,1.0
265,Ishinomaki,38.42,141.3,11.0,66,20,6.7
266,Yangi Marg`ilon,40.43,71.72,21.0,37,99,3.1
267,Mahenge,-8.68,36.72,21.05,74,99,1.03
268,Scarborough,54.28,-0.4,12.78,93,99,2.66
269,Lompoc,34.64,-120.46,13.33,81,90,3.1
270,Tessalit,20.2,1.01,35.77,8,0,5.38
271,Padang,-0.95,100.35,28.86,72,82,0.84
272,Jumla,29.27,82.18,20.0,88,5,0.45
273,Vestmannaeyjar,63.44,-20.27,4.51,84,100,6.82
274,Victor Harbor,-35.57,138.62,16.11,55,100,4.1
275,Winburg,-28.52,27.01,24.24,24,0,6.82
276,Domoni,-12.26,44.53,28.71,73,46,5.07
277,Rome,43.21,-75.46,2.22,79,1,2.71
278,Along,28.17,94.77,30.56,23,42,1.2
279,Krasnoarmeysk,51.02,45.7,0.56,96,100,8.49
280,Artyom,40.47,50.33,13.0,71,75,11.3
281,São João da Barra,-21.64,-41.05,21.01,92,98,4.86
282,Luba,3.46,8.55,27.61,70,73,2.87
283,Merauke,-8.47,140.33,27.53,85,100,3.06
284,Izumo,35.37,132.77,8.0,87,75,10.8
285,Ca Mau,9.18,105.15,31.61,56,58,0.84
286,Saltpond,5.21,-1.06,29.2,72,75,2.77
287,Gondanglegi,-7.75,112.01,29.31,70,100,3.19
288,Vostok,46.49,135.88,5.39,47,41,2.03
289,Payo,-3.75,103.64,29.62,76,72,0.71
290,Carutapera,-1.2,-46.02,26.2,85,100,2.41
291,Fukuechō,32.69,128.84,13.0,71,75,9.3
292,Saqqez,36.25,46.27,11.98,32,57,5.66
293,Petropavlovsk-Kamchatskiy,53.05,158.65,2.0,59,40,6.0
294,Barinas,8.62,-70.21,25.27,53,96,1.23
295,Viedma,-40.81,-63.0,9.38,59,100,1.17
296,Dalton,34.77,-84.97,13.33,66,1,2.21
297,Clyde River,70.47,-68.59,-17.0,91,75,1.0
298,Santo Tomas,14.11,121.14,32.78,62,75,5.7
299,Chilca,-12.52,-76.74,21.0,83,75,4.1
300,Spring Hill,28.48,-82.53,24.0,73,1,3.6
301,Cairns,-16.92,145.77,29.44,66,30,2.1
302,Antalaha,-14.9,50.28,28.21,72,23,5.03
303,Wad Rāwah,15.16,33.14,34.53,9,56,8.74
304,Dogondoutchi,13.64,4.03,34.63,12,25,5.13
305,Ponta Delgada,37.73,-25.67,14.0,82,20,5.1
306,São Félix do Xingu,-6.64,-51.99,22.54,92,100,0.29
307,Ouégoa,-20.35,164.43,25.07,74,10,2.28
308,Peniche,39.36,-9.38,15.0,93,40,0.5
309,Yemtsa,63.07,40.33,1.77,73,0,1.57
310,Mossamedes,-15.2,12.15,26.85,57,1,1.1
311,Neiafu,-18.65,-173.98,25.89,77,8,7.39
312,Torbay,47.67,-52.73,0.56,96,5,6.7
313,Khalkhāl,37.62,48.53,5.0,45,95,1.81
314,Beringovskiy,63.05,179.32,-11.23,95,100,4.39
315,Punakha,27.58,89.86,23.59,19,80,2.34
316,Muli,2.92,73.57,29.86,63,95,3.2
317,Ballina,-28.87,153.57,20.0,64,12,4.1
318,Tete,-16.16,33.59,32.16,40,80,1.18
319,Yuanping,38.72,112.76,17.71,16,0,4.98
320,Araouane,18.9,-3.53,35.97,12,32,5.91
321,Malmo,55.61,13.0,12.78,66,97,5.1
322,Luanda,-8.84,13.23,28.0,78,75,3.6
323,Barra dos Coqueiros,-10.91,-37.04,26.24,83,47,3.03
324,Muros,42.78,-9.06,12.78,100,90,2.1
325,São Filipe,14.9,-24.5,23.53,76,94,3.84
326,Oranjemund,-28.55,16.43,22.12,60,33,1.12
327,Doka,13.52,35.77,36.86,12,61,4.72
328,Mayo,38.89,-76.51,9.44,87,1,2.76
329,Iquique,-20.22,-70.14,21.0,68,90,3.6
330,Tabou,4.42,-7.35,28.33,78,48,0.57
331,Haridwar,29.97,78.17,36.73,13,100,3.31
332,Cockburn Town,21.46,-71.14,25.67,82,2,5.89
333,Waipawa,-41.41,175.52,19.0,59,98,11.8
334,Épernay,49.05,3.95,16.11,81,33,2.88
335,Riviere-au-Renard,49.0,-64.4,-2.0,68,5,2.6
336,Sāyla,22.55,71.47,40.81,9,2,5.72
337,Namatanai,-3.67,152.43,28.65,73,95,2.77
338,Lensk,60.73,114.93,3.37,69,94,3.26
339,Mathbaria,22.29,89.96,31.6,48,32,8.94
340,Maniwaki,46.38,-75.97,-1.75,93,97,2.19
341,Guerrero Negro,27.98,-114.06,15.25,78,12,6.14
342,Balsas,-7.53,-46.04,23.08,86,100,1.37
343,Xudat,41.63,48.68,8.57,76,100,0.98
344,Pemangkat,1.17,108.97,28.13,82,88,4.91
345,Antofagasta,-23.65,-70.4,18.0,77,90,2.1
346,Moerai,-22.43,-151.33,27.32,82,16,1.92
347,Baruun-Urt,46.68,113.28,15.85,16,0,6.05
348,Kortkeros,61.81,51.58,0.0,88,20,3.0
349,Inverell,-29.78,151.12,19.44,49,0,1.15
350,Hobyo,5.35,48.53,31.32,59,76,4.74
351,Grand Gaube,-20.01,57.66,29.0,66,40,8.7
352,Dudinka,69.41,86.18,-7.0,92,75,10.0
353,General Roca,-39.03,-67.58,12.0,66,80,1.0
354,Port-Gentil,-0.72,8.78,26.0,88,20,3.83
355,Saldanha,-33.01,17.94,18.0,93,15,1.0
356,Port Hardy,50.7,-127.42,2.0,74,5,1.5
357,Jumilla,38.48,-1.32,16.67,93,98,0.5
358,Tricase,39.93,18.36,18.33,59,5,2.1
359,Dakar,14.69,-17.44,21.0,94,64,4.65
360,Yuza,39.0,139.92,10.0,71,75,4.1
361,Tocopilla,-22.09,-70.2,18.84,53,30,0.53
362,Chapaevsk,52.98,49.71,10.0,69,40,4.0
363,Fécamp,49.76,0.37,17.22,76,0,1.5
364,Oktyabr'skiy,54.48,53.47,11.48,42,84,6.71
365,Caldwell,43.66,-116.69,7.0,26,1,5.7
366,Tuy Hoa,13.08,109.3,28.63,71,67,4.53
367,Ürümqi,43.8,87.6,18.0,19,3,2.0
368,Bystryy Istok,52.37,84.39,9.52,51,0,3.77
369,Kot Diji,27.34,68.71,37.0,27,21,4.1
370,Ndola,-12.96,28.64,24.56,44,97,2.65
371,Rafaela,-31.25,-61.49,15.56,60,43,0.45
372,Acaponeta,22.5,-105.36,15.9,60,23,1.19
373,Buta,2.79,24.73,22.82,85,100,1.66
374,Krasnosel'kup,65.7,82.47,-0.72,99,100,1.25
375,Sinegor'ye,62.08,150.48,-7.25,87,9,1.83
376,Ola,59.58,151.28,-7.01,94,27,1.82
377,George Town,5.41,100.34,34.0,67,40,3.1
378,Māngrol,21.12,70.12,33.78,34,0,6.01
379,Pierre,44.37,-100.35,-0.56,86,90,9.3
380,Willmar,45.12,-95.04,3.0,80,90,7.2
381,Baijiantan,45.63,85.18,20.24,22,30,2.18
382,Tommot,58.96,126.29,2.93,70,100,3.83
383,Sharan,54.82,54.0,11.41,42,98,6.34
384,Nemuro,43.32,145.57,4.0,51,20,2.1
385,Touros,-5.2,-35.46,24.0,94,40,2.1
386,Kimbe,-5.55,150.14,26.26,84,80,0.85
387,Richards Bay,-28.78,32.04,29.18,47,0,4.04
388,Kuala Kedah,6.1,100.3,34.0,71,40,4.1
389,Cabo San Lucas,22.89,-109.91,17.22,72,36,1.79
390,Paragominas,-2.97,-47.48,22.89,96,100,1.0
391,Linxia Chengguanzhen,35.6,103.21,15.35,15,96,4.2
392,Bauchi,10.5,10.0,32.31,10,96,4.33
393,Mandalgovi,45.76,106.27,12.66,18,99,7.15
394,Nioro,13.35,-15.75,25.71,53,22,2.17
395,Vrangel',42.73,133.08,5.33,66,0,2.86
396,Elban,50.1,136.51,10.25,43,0,2.35
397,Lebu,-37.62,-73.65,8.21,80,2,4.35
398,Tiksi,71.69,128.87,-16.51,89,27,3.13
399,Plaster Rock,46.91,-67.39,-2.0,73,1,1.5
400,Cabras,39.93,8.53,19.83,36,52,2.29
401,Vao,-22.67,167.48,25.4,77,32,5.68
402,Palu,-0.89,119.87,29.38,61,4,1.34
403,Esperance,-33.87,121.9,26.0,57,81,5.1
404,Kruisfontein,-34.0,24.73,23.11,48,100,11.13
405,Hazorasp,41.32,61.07,17.0,51,46,4.1
406,Miyako,39.64,141.95,7.48,76,94,2.45
407,Half Moon Bay,37.46,-122.43,13.33,93,90,2.1
408,San Policarpo,12.18,125.51,28.31,66,55,3.48
409,Hualmay,-11.1,-77.61,21.74,82,4,3.13
410,Havøysund,71.0,24.66,-1.0,54,100,3.6
411,Urengoy,65.97,78.37,-2.6,95,100,3.25
412,Natal,-5.79,-35.21,24.0,94,40,2.1
413,Bambous Virieux,-20.34,57.76,29.0,66,40,8.7
414,Uvalde,29.37,-99.77,23.33,100,90,3.1
415,Mehamn,71.04,27.85,-2.34,93,100,4.12
416,Bartlesville,36.75,-95.98,16.0,82,20,4.1
417,Gohpur,26.88,93.63,30.0,45,75,3.6
418,Guhāgar,17.48,73.19,32.88,49,0,6.66
419,Nome,64.5,-165.41,-1.0,92,90,4.6
420,Bulgan,48.81,103.53,14.05,20,28,2.67
421,Talnakh,69.49,88.4,-7.0,92,75,10.0
422,Pareora,-44.49,171.21,17.78,45,100,2.24
423,Bilma,18.69,12.92,31.75,11,100,4.89
424,Sangar,63.92,127.47,0.03,90,69,6.86
425,Cayenne,4.93,-52.33,26.0,83,89,1.5
426,Griffith,41.53,-87.42,10.0,81,90,2.6
427,Bodden Town,19.28,-81.25,27.22,88,20,2.6
428,Khorinsk,52.17,109.77,12.42,34,51,5.63
429,Bereda,43.27,-7.54,13.89,100,90,0.54
430,Borba,-4.39,-59.59,23.03,98,93,0.47
431,Lieksa,63.32,30.02,2.75,70,100,6.85
432,Barsovo,61.17,73.17,12.0,37,94,5.0
433,Burgeo,47.62,-57.62,-0.29,96,38,6.79
434,Loíza,18.43,-65.88,27.0,88,20,3.51
435,Zhezkazgan,47.8,67.71,12.0,58,90,3.0
436,California City,35.13,-117.99,14.0,58,40,5.7
437,Avila,40.58,-5.0,11.0,93,72,1.5
438,Upata,8.01,-62.4,19.85,82,100,2.87
439,Atbasar,51.8,68.33,13.6,45,30,4.76
440,Ciudad Guayana,8.35,-62.65,21.19,88,100,2.48
441,Shawville,45.6,-76.48,0.56,85,71,1.77
442,Salta,-24.79,-65.41,11.0,93,0,1.0
443,Westerly,41.38,-71.83,4.44,78,1,0.87
444,Shimoda,34.67,138.95,12.0,81,75,6.2
445,Benguela,-12.58,13.41,28.38,67,42,0.99
446,Borda da Mata,-22.27,-46.17,13.89,92,2,0.65
447,Brae,60.4,-1.35,6.0,75,100,10.8
448,Nautla,20.22,-96.78,26.33,75,0,5.68
449,Ashland,40.82,-82.27,9.44,42,90,3.6
450,Nebolchi,59.12,33.35,4.7,61,63,2.85
451,Piancó,-7.2,-37.93,22.49,85,92,0.92
452,Saravan,39.72,45.65,12.0,46,75,2.1
453,San Quintín,30.48,-115.95,14.43,82,47,5.74
454,Yankton,42.87,-97.4,1.0,86,90,8.7
455,Belmonte,-15.86,-38.88,24.0,94,75,2.6
456,Iquitos,-3.75,-73.25,24.0,94,40,1.0
457,Lagoa,39.05,-27.98,15.92,79,3,4.18
458,Daru,-9.08,143.21,26.91,84,66,4.4
459,North Myrtle Beach,33.82,-78.68,20.0,77,20,2.1
460,Hong Kong,22.29,114.16,25.56,46,6,6.7
461,Flinders,-34.58,150.86,18.33,48,0,4.1
462,Ābādān,30.34,48.3,30.0,17,0,4.1
463,Bubaque,11.28,-15.83,25.69,70,0,1.9
464,Can Tho,10.03,105.78,33.77,48,78,3.93
465,Bermeo,43.42,-2.72,15.0,100,75,0.5
466,São Lourenço do Sul,-31.37,-51.98,14.46,90,13,2.44
467,Casa Nova,-9.42,-41.13,23.7,76,100,3.42
468,Nuuk,64.18,-51.72,4.0,86,100,7.7
469,Westport,41.14,-73.36,7.78,74,1,2.18
470,Olinda,-8.01,-34.86,28.0,74,20,1.5
471,Aykhal,66.0,111.5,3.0,47,92,4.0
472,Okhotsk,59.38,143.3,-2.6,95,85,3.41
473,Simao,22.79,100.97,28.83,18,97,2.74
474,San Cristobal,7.77,-72.22,19.79,61,91,0.95
475,Kusa,55.34,59.44,6.93,67,91,2.86
476,Bathsheba,13.22,-59.52,26.0,74,20,6.7
477,Khorixas,-20.37,14.97,28.57,32,0,4.56
478,Xai-Xai,-25.05,33.64,29.98,48,0,2.92
479,Niamey,13.51,2.11,30.0,22,2,1.0
480,Arlit,18.74,7.39,36.2,8,0,6.78
481,Kristinestad,62.27,21.38,3.89,93,100,7.39
482,Yuli,9.7,10.27,32.77,22,97,1.49
483,Tautira,-17.73,-149.15,28.0,74,20,1.0
484,Guozhen,34.37,107.36,20.87,17,0,3.09
485,Najrān,17.49,44.13,31.0,22,35,1.51
486,Sokolo,14.73,-6.12,33.09,32,50,7.1
487,Haapiti,-17.57,-149.87,28.0,74,20,1.0
488,Xingcheng,40.62,120.72,15.77,30,0,3.22
489,Malakal,9.53,31.66,37.96,7,85,4.21
490,Sumbe,-11.21,13.84,26.24,83,100,3.55
491,Oriximiná,-1.77,-55.87,23.9,94,31,1.36
492,Juneau,58.3,-134.42,2.78,80,1,1.54
493,High Prairie,55.43,-116.49,-10.01,88,10,2.88
494,Deputatsky,69.3,139.9,-12.12,89,35,3.79
495,Matara,5.95,80.54,30.9,67,13,4.26
496,Zyryanka,65.75,150.85,-2.53,96,95,3.32
497,Sola,-13.88,167.55,27.6,75,100,5.36
498,Point Pedro,9.82,80.23,29.8,67,8,4.78
499,Kushmurun,52.45,64.63,12.42,42,10,2.1
500,Nawabshah,26.25,68.41,42.54,7,18,5.37
501,Alegrete,-29.78,-55.79,12.06,90,4,3.64
502,Ancud,-41.87,-73.82,2.0,100,0,2.1
503,Mwense,-10.38,28.7,25.86,50,91,2.49
504,Jiaozuo,35.24,113.23,22.37,18,0,4.14
505,Altamira,-3.2,-52.21,22.28,95,47,0.5
506,Port Hedland,-20.32,118.57,32.0,55,37,8.7
507,Anadyr,64.75,177.48,-12.0,78,90,7.0
508,Yatou,37.15,122.38,9.42,66,0,7.11
509,Guáimaro,21.05,-77.35,21.21,92,0,3.36
510,Jijiga,9.35,42.8,25.56,29,53,3.16
511,Assiut,27.18,31.18,24.33,24,0,5.27
512,Chiang Khong,20.26,100.4,36.67,34,94,2.19
513,Meulaboh,4.14,96.13,29.16,74,100,1.55
514,Luwuk,-0.95,122.79,30.07,63,15,1.07
515,Broadstairs,51.36,1.44,16.11,62,25,3.6
516,Sayyan,15.17,44.32,22.59,20,32,1.8
517,Worthington,40.09,-83.02,9.44,49,90,2.6
518,New Philadelphia,40.49,-81.45,9.0,69,1,1.5
519,Le Port,-20.94,55.29,27.0,88,30,7.2
520,Malinyi,-8.93,36.13,25.63,77,98,0.13
521,Kalmunai,7.42,81.82,31.1,63,19,4.35
522,Saryg-Sep,51.5,95.6,10.31,42,100,1.57
523,Carauari,-4.88,-66.9,22.35,97,100,0.92
524,Bria,6.54,21.99,26.22,68,100,2.12
525,Damietta,31.42,31.81,18.93,58,0,1.97
526,Gariāband,20.64,82.06,40.83,7,0,4.0
527,Sikonge,-5.63,32.77,24.6,50,100,3.02
528,Lapua,62.97,23.01,1.67,93,90,6.2
529,Yārāda,17.65,83.27,36.0,47,20,5.1
530,Dalvik,65.97,-18.53,-1.0,63,90,3.6
531,Dunedin,-45.87,170.5,16.67,70,100,8.13
532,Nokha,27.6,73.42,37.5,14,70,4.12
533,Baturaja,-4.13,104.17,30.31,75,98,0.83
534,Kodinsk,58.69,99.18,8.63,50,0,0.98
535,Camopi,3.17,-52.32,23.04,91,100,1.21
536,Alofi,-19.06,-169.92,24.0,83,0,1.5
537,Atotonilquillo,20.4,-103.13,18.0,34,5,2.1
538,Bada,51.39,109.87,14.41,26,55,4.4
539,Tiznit Province,29.58,-9.5,14.61,64,100,2.11
540,Theodoriana,39.44,21.21,16.67,58,40,1.21
541,Kayerkan,69.35,87.76,-7.0,92,75,10.0
542,Praia,14.92,-23.51,21.0,83,20,3.6
543,Saint-Augustin,51.23,-58.65,-4.7,95,9,4.36
544,Maningrida,-12.07,134.27,27.53,82,100,3.56
545,Camalú,30.85,-116.07,12.78,67,50,3.64
546,Adrar,20.5,-10.07,25.67,24,0,6.25
547,Mahon,39.89,4.27,16.0,82,24,4.1
548,Rongcheng,30.63,117.85,17.78,54,0,3.78
549,Constitución,-35.33,-72.42,10.02,72,0,2.84
550,Burdur,37.72,30.29,13.0,54,15,1.5
551,Killybegs,54.63,-8.45,7.22,95,100,0.89
552,Maceió,-9.67,-35.74,25.89,82,60,2.56
553,Yibin,28.77,104.62,22.5,36,36,2.59
554,Talaya,61.38,152.75,-9.24,88,94,1.02
555,Murray Bridge,-35.12,139.27,17.22,62,100,1.79
556,Neryungri,56.67,124.65,0.19,70,100,4.38
557,Eureka,40.8,-124.16,10.56,93,90,2.6
558,Cedar Falls,42.53,-92.45,8.89,100,90,2.6
559,Kyshtovka,56.55,76.63,6.34,77,80,4.24
560,Kismayo,-0.36,42.55,31.11,62,84,4.8
561,La Palma,33.85,-118.05,15.56,82,90,1.5
562,Hirado,33.36,129.55,13.0,82,75,8.2
563,Chapais,49.78,-74.85,-9.0,85,1,2.6
564,Buchanan,5.88,-10.05,29.11,74,9,0.74
565,Mugur-Aksy,50.35,90.5,6.28,25,17,1.66
566,Sovetskiy,61.36,63.58,7.93,72,100,2.86
567,Sisimiut,66.94,-53.67,3.16,75,100,4.29
568,Asheville,35.6,-82.55,8.33,52,1,1.6
569,Godfrey,38.96,-90.19,16.0,51,90,3.6
570,Ko Samui,9.54,99.94,32.0,66,20,4.1
571,Latung,5.5,120.88,28.52,69,0,2.12
572,Vrdy,49.92,15.47,14.44,50,0,2.1
573,Anapskaya,44.89,37.38,11.0,43,0,6.0
574,Turbat,26.0,63.04,36.09,11,5,5.05
575,Zharkent,44.16,80.0,23.89,16,50,2.84
576,Kavaratti,10.57,72.64,29.48,69,75,2.84
577,Pouso Alegre,-22.23,-45.94,13.89,92,2,0.71
578,Riyadh,24.69,46.72,23.0,31,75,5.1
579,Ofakim,31.31,34.62,19.44,68,0,0.45
580,Saýat,38.78,63.88,17.0,72,90,3.1
581,Broken Hill,-31.95,141.43,18.0,27,52,3.6
582,Abnūb,27.27,31.15,24.3,24,0,5.27
583,Cap Malheureux,-19.98,57.61,29.0,66,40,8.7
